Category,Key Metrics,30-Sep,03-Oct,10-Oct,17-Oct,24-Oct,31-Oct,07-Nov,14-Nov,21-Nov,28-Nov,05-Dec,12-Dec,19-Dec,26-Dec,02-Jan,08-Jan,16-Jan,23-Jan,30-Jan,06-Feb,13-Feb,20-Feb,27-Feb,06-Mar,13-Mar,20-Mar,27-Mar,03-Apr,10-Apr,17-Apr,24-Apr,01-May,08-May,15-May,22-May,29-May,05-Jun,12-Jun,19-Jun,26-Jun,03-Jul,10-Jul,17-Jul,24-Jul,31-Jul,07-Aug,14-Aug,21-Aug,28-Aug,04-Sep,11-Sep,18-Sep,25-Sep
Website +  SEO,Traffic (GA4) - Views,812,652,853,741,481,775,808,882,908,753,798,1000,1000,747,5200,9800,11000,1200,925,1200,1400,965,963,859,997,1100,1100,1000,882,934,1200,824,1000,565,1200,1400,946,755,1400,1200,460,577,450,680,610,680,592,367,452,615,1300,1300,909
,Traffic (GA4) - Total Users,229,202,296,278,194,259,333,357,352,323,416,442,367,299,2K,3.9K,4.3K,486,436,502,561,417,471,387,404,429,503,407,360,423,413,335,405,221,628,454,199,274,379,401,182,145,137,163,173,166,189,155,168,366,1.2K,1.1K,742
,Bounce Rate,41.39%,41.57%,40.66%,48.33%,55.65%,44.09%,42.99%,40.32%,39.45%,49.25%,52.15%,52.95%,44.77%,47.31%,38.26%,45.03%,5.54%,55.50%,51.18%,51.10%,48.53%,52.43%,62.04%,59.39%,56.26%,58.57%,62.42%,60.48%,47.54%,51.79%,48.59%,56.80%,51.60%,55.52%,64.29%,52.59%,40.12%,35.98%,48.10%,49.41%,44.01%,41.54%,49.17%,45.42%,45.63%,44.63%,43.00%,46.35%,46.13%,68.26%,79.89%,86.62%,79.60%
,Authority Score (SEMrush),3,3,3,3,3,3,3,3,3,3,3,3,3,3,3,3,3,11,11,11,11,11,12,12,12,12,11,11,11,10,10,10,10,9,9,10,10,10,10,10,10,10,10,9,9,9,9,9,9,9,4,4,4
,Domain Authority (DAPA Checker),9,10,10,10,10,10,10,10,10,10,9,10,10,11,11,11,12,12,12,12,12,12,12,12,12,12,12,12,12,11,11,13,14,14,14,13,14,14,14,14,16,16,16,16,16,16,16,16,16,16,16,16,16
,Leads (forms+chatbot),2,0,1,2,0,0,4,1,0,1,1,0,0,0,0,0,0,0,0,0,0,0,0,0,0,0,0,0,0,0,0,0,0,0,0,0,0,0,0,0,0,0,0,0,0,0,0,0,0,0,0,0,0
,MQL,0,0,0,0,0,1,0,0,0,0,0,0,0,0,0,0,0,0,0,0,0,0,0,0,0,0,0,0,0,0,0,0,0,0,0,0,0,0,0,0,0,0,0,0,0,1,0,1,0,0,1,0,0
,Page Authority (Homepage),20,20,20,20,19,19,19,19,19,19,21,21,22,21,21,22,23,24,24,24,24,24,24,24,24,24,24,24,23,23,22,22,22,22,22,22,22,22,22,22,26,26,26,28,28,28,28,28,28,28,28,28,28
,KW Ranking (top 20),NA,NA,NA,NA,NA,NA,NA,4,NA,NA,NA,NA,NA,NA,1,1,3,6,6,7,7,9,9,11,13,14,16,19,20,23,23,23,23,26,32,32,34,34,32,32,31,25,23,20,13,13,13,14,14,14,13,12,15
,Backlinks,29,29,28,31,33,35,35,158,163,168,172,182,184,190,188,197,203,222,227,198,219,234,240,241,253,268,277,262,284,299,314,314,322,336,340,329,342,"348 (DF - 204, NF - 146)","355 (DF - 207, NF - 150)","413 (DF - 218, NF - 197)","430 (DF - 230, NF - 200)","448 (DF - 239, NF - 209)","454 (DF - 242, NF - 212)","570(330, 240)","611 (339, 270)","619 (342, 277)","655 (357, 293)","709 (367, 342)","711(396, 370)","766 (386, 383)","798 (414, 387)","865 (470, 398)","939 (533, 408)"
,AI Search,,,,,,,,,,,,,,,,,,,,,,,,,"14, 3, 31 (41)","14, 2, 34 (45)","14, 2, 35 (47)","14, 2, 34 (47)","14, 2, 36 (49)","14, 1, 42 (54)","14, 0, 40 (53)","14, 0, 40 (53)","14, 1, 46 (59)","14, 1, 50 (62)","14, 1, 50 (63)","14, 1, 59 (70)","14, 1, (74) 64","14, 1, (70) 60","14, 1 (65) 57","14, 1, 62 (71)","14, 1, 51 (59)","14, 1 41 (50)","14, 1, (43) 34 ","14, 1 (40), 33","14, 1, (34) 28","14, 1, 28 (34)","14, 1, 35 (41)","14, 1 35","0,0, 35","0, 0, 33","0, 0, 32","0, 0, 31","0, 0, 31"
Social Media (Weekly Reporting),Page Search,2009,2146,,,1611,,,,,,,,,,,,,,,,,,,,,,,,,,,,,,,,,,,,,,,,,,,,,,,,
,Content Impressions,1834,2374,,,3607,,,,,,,,,,,,,,,,,,,,,,,,,,,,,,,,,,,,,,,,,,,,,,,,
,Engagement (Reaction+Comment+Repost),37,49,,,81,,,,,,,,,,,,,,,,,,,,,,,,,,,,,,,,,,,,,,,,,,,,,,,,
,No of Posts,1,3,,,2,,,,,,,,,,,,,,,,,,,,,,,,,,,,,,,,,,,,,,,,,,,,,,,,
,DMs,0,0,,,0,,,,,,,,,,,,,,,,,,,,,,,,,,,,,,,,,,,,,,,,,,,,,,,,
,Followers (New/Total),251/18376,231/18442,,,115/19037,,,,,,,,,,,,,,,,,,,,,,,,,,,,,,,,,,,,,,,,,,,,,,,,
,Leads via DM,0,0,0,1,0,,,,,,,,,,,,,,,,,,,,,,,,,,,,,,,,,,,,,,,,,,,,,,,,
,,,,,,,,,,,,,,,,,,,,,,,,,,,,,,,,,,,,,,,,,,,,,,,,,,,,,,
Q&A Platforms,Responses/Posting,NA,NA,1,0,1,0,0,0,1,3,4,5,3,0,1,0,STOP,0,0,0,0,0,0,0,0,0,0,0,1,0,0,0,0,0,0,0,0,0,0,0,1,0,0,4,5,5,3,5,4,3,3,3,4
,DMs,NA,NA,0,0,0,0,0,0,0,0,0,0,0,0,0,0,STOP,0,0,0,0,0,0,0,0,0,0,0,0,0,0,0,0,0,0,0,0,0,0,0,0,0,0,0,0,0,0,0,0,0,0,0,0
,,,,,,,,,,,,,,,,,,,,,,,,,,,,,,,,,,,,,,,,,,,,,,,,,,,,,,
Google My Business,Rating,4.4,4.4,4.4,4.2,4.2,4.2,4.2,4.2,4.2,4.2,4.2,4.2,4.2,4.2,4.2,4.2,4.2,4.2,4.2,4.2,4.2,4.2,4.2,3.9,3.9,3.9,3.9,3.9,3.9,3.9,3.9,3.9,3.9,3.9,3.9,3.9,3.9,3.9,4,4,4,4,4,4,4,4,4,4,4,4,4,4,4
,Leads,0,0,0,0,0,0,0,0,0,0,0,0,0,0,0,0,0,0,0,0,,,,0,0,0,0,0,0,0,0,0,0,0,0,0,0,0,0,0,0,0,0,0,0,0,0,0,0,0,0,0,0
,Calls,12,12,18,2,2,0,0,5,5,4,2,4,,,,,,,,17,,,,14,,,,16,,,,0,4,8,10,19,0,9,10,11,0,7,9,20,25,0,16,18,18,0,26,26,33
,Website Visit,52,64,9,9,12,20,7,32,8,14,14,17,,,,,,,,108,,,,88,,,,119,,,,0,10,58,67,96,10,44,61,86,0,42,74,114,159,0,44,67,74,0,66,71,104
Content (published),Blogs,4,2,4,3,3,0,5,5,5,5,5,5,4,0,5,4,5,5,5,5,5,5,5,2,0,0,0,0,0,0,0,0,0,1,1,1,2,2,0,1 PR blog,0,0,0,0,0,0,0,0,0,0,0,0,1
,Videos,0,0,0,0,0,0,0,0,0,0,0,0,,,,,,,,,,,,,,,,,,,,,,,,,,,,,,,,,,,,,,,,,
,Creatives,4,5,4,4,4,0,5,5,5,5,5,5,4,0,5,4,5,5,5,5,5,5,5,,,,,,,,,,,,,,,,,,,,,,,,,,,,,,
,Website Page,0,0,0,0,0,0,0,0,0,0,0,0,,,,,,,,,1,1,,,,,,,,,,,,1 (Effort Esti),,17 (Industry Pages),,,1 (AI agent dev.),,,,,,,,,,,,,,
,,,,,,,,,,,,,,,,,,,,,,,,,,,,,,,,,,,,,,,,,,,,,,,,,,,,,,
Leads,Follow-up Email,2,0,0,1,0,0,4,2,0,2,1,0,,,,,,,,,,,,,,,,,,,,,,,,,,,,,,,,,,,,,,,,,
,Warmup Call / LinkedIn DM,0,0,0,1,0,0,0,2,4,3,3,0,,,,,,,,,,,,,,,,,,,,,,,,,,,,,,,,,,,,,,,,,
,First Connect,0,0,0,1,0,1,0,0,0,0,0,0,,,,,,,,,,,,,,,,,,,,,,,,,,,,,,,,,,,,,,,,,
,Hot Lead Confirmation,0,0,0,0,0,0,0,0,0,0,0,0,,,,,,,,,,,,,,,,,,,,,,,,,,,,,,,,,,,,,,,,,
